name,sequence,label,fold_1,fold_2,fold_3,fold_4,fold_5,average
1A4E_1,DVREDRVVTNSTGNPINEPFVTQRIGEHGPLLLQDYNLIDSLAHFNRENIPQRNPHAHGSGAFGYFEVTDDITDICGSAMFSKIGKRTKCLTRFSTVGGDKGSADTVRDPRGFATKFYTEEGNLDWVYNNTPVFFIRDPSKFPHFIHTQKRNPQTNLRDADMFWDFLTTPENQVAIHQVMILFSDRGTPANYRSMHGYSGHTYKWSNKNGDWHYVQVHIKTDQGIKNLTIEEATKIAGSNPDYCQQDLFEAIQNGNYPSWTVYIQTMTERDAKKLPFSVFDLTKVWPQGQFPLRRVGKIVLNENPLNFFAQVEQAAFAPSTTVPYQEASADPVLQARLFSYADAHRYRLGPNFHQIPVNCPYASKFFNPAIRDGPMNVNGNFGSEPTYLANDKSYTYIQQDRPIQQHQEVWNGPAIPYHWATSPGDVDFVQARNLYRVLGKQPGQQKNLAYNIGIHVEGACPQIQQRVYDMFARVDKGLSEAIKKVAE,[0.038],[0.345742791891098],[0.24537308514118195],[0.27297815680503845],[0.3163490891456604],[0.3260008692741394],[0.30128879845142365]
1AL6_1,ASSTNLKDVLASLIPKEQARIKTFRQQHGNTAVGQITVDMSYGGMRGMKGLIYETSVLDPDEGIRFRGFSIPECQKLLPKAGGGEEPLPEGLFWLLVTGQIPTPEQVSWVSKEWAKRAALPSHVVTMLDNFPTNLHPMSQLSAAITALNSESNFARAYAEGINRTKYWEFVYEDAMDLIAKLPCVAAKIYRNLYRAGSSIGAIDSKLDWSHNFTNMLGYTDPQFTELMRLYLTIHSDHEGGNVSAHTSHLVGSALSDPYLSFAAAMNGLAGPLHGLANQEVLLWLSQLQKDLGADASDEKLRDYIWNTLNSGRVVPGYGHAVLRKTDPRYTCQREFALKHLPSDPMFKLVAQLYKIVPNVLLEQGKAKNPWPNVDAHSGVLLQYYGMTEMNYYTVLFGVSRALGVLAQLIWSRALGFPLERPKSMSTAGLEKLSAGG,[0.7809999999999999],[0.3163701593875885],[0.22682075202465057],[0.27728456258773804],[0.2964702546596527],[0.2979445159435272],[0.2829780489206314]
1CC8_1,MAEIKHYQFNVVMTCSGCSGAVNKVLTKLEPDVSKIDISLEKQLVDVYTTLPYDFILEKIKKTGKEVRSGKQL,[0.8220000000000001],[0.8900132179260254],[0.8911641240119934],[0.8951744437217712],[0.9207446575164795],[0.8846400380134583],[0.8963472962379455]
1D1Q_1,MTIEKPKISVAFIALGNFCRSPMAEAIFKHEVEKANLENRFNKIDSFGTSNYHVGESPDHRTVSICKQHGVKINHKGKQIKTKHFDEYDYIIGMDESNINNLKKIQPEGSKAKVCLFGDWNTNDGTVQTIIEDPWYGDIQDFEYNFKQITYFSKQFLKKEL,[0.925],[0.704856812953949],[0.7273005843162537],[0.7713361382484436],[0.7624197006225586],[0.7024843096733093],[0.7336795091629028]
1DOR_1,MLNTTFANAKFANPFMNASGVHCMTIEDLEELKASQAGAYITKSSTLEKREGNPLPRYVDLELGSINSMGLPNLGFDYYLDYVLKNQKENAQEGPIFFSIAGMSAAENIAMLKKIQESDFSGITELNLSCPNVPGKPQLAYDFEATEKLLKEVFTFFTKPLGVKLPPYFDLVHFDIMAEILNQFPLTYVNSVNSIGNGLFIDPEAESVVIKPKDGFGGIGGAYIKPTALANVRAFYTRLKPEIQIIGTGGIETGQDAFEHLLCGATMLQIGTALHKEGPAIFDRIIKELEEIMNQKGYQSIADFHGKLKSL,[0.765],[0.5180242657661438],[0.4572932720184326],[0.43602997064590454],[0.5183178186416626],[0.5390167832374573],[0.49373642206192014]
1EJB_1,AVKGLGKPDQVYDGSKIRVGIIHARWNRVIIDALVKGAIERMASLGVEENNIIIETVPGSYELPWGTKRFVDRQAKLGKPLDVVIPIGVLIKGSTMHFEYISDSTTHALMNLQEKVDMPVIFGLLTCMTEEQALARAGIDEAHSMHNHGEDWGAAAVEMAVKFGKNAF,[0.888],[0.6061726212501526],[0.5850157737731934],[0.5740366578102112],[0.6033489108085632],[0.6429026126861572],[0.6022953152656555]
1F1G_1,MVQAVAVLKGDAGVSGVVKFEQASESEPTTVSYEIAGNSPNAERGFHIHEFGDATNGCVSAGPHFNPFKKTHGAPTDEVRHVGDMGNVKTDENGVAKGSFKDSLIKLIGPTSVVGRSVVIHAGQDDLGKGDTEESLKTGNAGPRPACGVIGLTN,[0.9470000000000001],[0.8499072194099426],[0.9262720942497253],[0.9539940357208252],[0.9433330297470093],[0.9096245169639587],[0.9166261792182923]
1F89_1,MSASKILSQKIKVALVQLSGSSPDKMANLQRAATFIERAMKEQPDTKLVVLPECFNSPYSTDQFRKYSEVINPKEPSTSVQFLSNLANKFKIILVGGTIPELDPKTDKIYNTSIIFNEDGKLIDKHRKVHLFDVDIPNGISFHESETLSPGEKSTTIDTKYGKFGVGICYDMRFPELAMLSARKGAFAMIYPSAFNTVTGPLHWHLLARSRAVDNQVYVMLCSPARNLQSSYHAYGHSIVVDPRGKIVAEAGEGEEIIYAELDPEVIESFRQAVPLTKQRRFDVYSDVNAH,[0.737],[0.4412568211555481],[0.485962450504303],[0.433170348405838],[0.5147674679756165],[0.46347129344940186],[0.4677256762981415]
1FI4_1,MGSSHHHHHHSSGLVPRGSHMTVYTASVTAPVNIATLKYWGKRDTKLNLPTNSSISVTLSQDDLRTLTSAATAPEFERDTLWLNGEPHSIDNERTQNCLRDLRQLRKEMESKDASLPTLSQWKLHIVSENNFPTAAGLASSAAGFAALVSAIAKLYQLPQSTSEISRIARKGSGSACRSLFGGYVAWEMGKAEDGHDSMAVQIADSSDWPQMKACVLVVSDIKKDVSSTQGMQLTVATSELFKERIEHVVPKRFEVMRKAIVEKDFATFAKETMMDSNSFHATCLDSFPPIFYMNDTSKRIISWCHTINQFYGETIVAYTFDAGPNAVLYYLAENESKLFAFIYKLFGSVPGWDKKFTTEQLEAFNHQFESSNFTARELDLELQKDVARVILTQVGSGPQETNESLIDAKTGLPKE,[0.64],[0.4509029686450958],[0.4713069796562195],[0.41641896963119507],[0.44646215438842773],[0.45343607664108276],[0.4477054297924042]
1FJ2_1,GAMDPEFMSTPLPAIVPAARKATAAVIFLHGLGDTGHGWAEAFAGIRSSHIKYICPHAPVRPVTLNMNVAMPSWFDIIGLSPDSQEDESGIKQAAENIKALIDQEVKNGIPSNRIILGGFSQGGALSLYTALTTQQKLAGVTALSCWLPLRASFPQGPIGGANRDISILQCHGDCDPLVPLMFGSLTVEKLKTLVNPANVTFKTYEGMMHSSCQQEMMDVKQFIDKLLPPID,[0.631],[0.40240412950515747],[0.3211713135242462],[0.42417606711387634],[0.4237688481807709],[0.4234955310821533],[0.39900317788124084]
1FUU_1,SEGITDIEESQIQTNYDKVVYKFDDMELDENLLRGVFGYGFEEPSAIQQRAIMPIIEGHDVLAQAQSGTGKTGTFSIAALQRIDTSVKAPQALMLAPTRELALQIQKVVMALAFHMDIKVHACIGGTSFVEDAEGLRDAQIVVGTPGRVFDNIQRRRFRTDKIKMFILDEADEMLSSGFKEQIYQIFTLLPPTTQVVLLSATMPNDVLEVTTKFMRNPVRILVKKDELTLEGIKQFYVNVEEEEYKYECLTDLYDSISVTQAVIFCNTRRKVEELTTKLRNDKFTVSAIYSDLPQQERDTIMKEFRSGSSRILISTDLLARGIDVQQVSLVINYDLPANKENYIHRIGRGGRFGRKGVAINFVTNEDVGAMRELEKFYSTQIEELPSDIATLLN,[1.043],[0.6028680801391602],[0.5461700558662415],[0.5676453113555908],[0.591354250907898],[0.5921097993850708],[0.5800294995307922]
1G8F_1,MPAPHGGILQDLIARDALKKNELLSEAQSSDILVWNLTPRQLCDIELILNGGFSPLTGFLNENDYSSVVTDSRLADGTLWTIPITLDVDEAFANQIKPDTRIALFQDDEIPIAILTVQDVYKPNKTIEAERVFRGDPEHPAISYLFNVAGDYYVGGSLEAIQLPQHYDYPGLRKTPAQLRLEFQSRQWDRVVAFQTRNPMHRAHRELTVRAAREANAKVLIHPVVGLTKPGDIDHHTRVRVYQEIIKRYPNGIAFLSLLPLAMRMSGDREAVWHAIIRKNYGASHFIVGRDHAGPGKNSKGVDFYGPYDAQELVESYKHELDIEVVPFRMVTYLPDEDRYAPIDQIDTTKTRTLNISGTELRRRLRVGGEIPEWFSYPEVVKILRESNPPRPKQGFSIVLGNSLTVSREQLSIALLSTFLQFGGGRYYKIFEHNNKTELLSLIQDFIGSGSGLIIPDQWEDDKDSVVGKQNVYLLDTSSSADIQLESADEPISHIVQKVVLFLEDNGFFVF,[0.198],[0.4481547772884369],[0.34871208667755127],[0.33670133352279663],[0.4174633026123047],[0.47747665643692017],[0.40570163130760195]
1GQP_1,SVLVLDDRIVDAATKDLYVNGFQEEIQYQNPTPENLQHMFHQGIEILDSARMINVTHLALWKPSSFKLGNPVDFALDDNYDTFWQSDGGQPHQLDIMFSKRMDICVMAIFFSMIADESYAPSLVKVYAGHSPSDARFYKMLEVRNVNGWVALRFLDNREDDQLLKCQFIRLLFPVNHENGKDTHLRGIRLYVPSNEPHQDTHEWAQTLPETNNVFQDAILR,[0.12],[0.6086385250091553],[0.5694275498390198],[0.613959014415741],[0.6677445769309998],[0.6136468648910522],[0.6146833062171936]
1IIC_1,AMKDHKFWRTQPVKDFDEKVVEEGPIDKPKTPEDISDKPLPLLSSFEWCSIDVDNKKQLEDVFVLLNENYVEDRDAGFRFNYTKEFFNWALKSPGWKKDWHIGVRVKETQKLVAFISAIPVTLGVRGKQVPSVEINFLCVHKQLRSKRLTPVLIKEITRRVNKCDIWHALYTAGIVLPAPVSTCRYTHRPLNWKKLYEVDFTGLPDGHTEEDMIAENALPAKTKTAGLRKLKKEDIDQVFELFKRYQSRFELIQIFTKEEFEHNFIGEESLPLDKQVIFSYVVEQPDGKITDFFSFYSLPFTILNNTKYKDLGIGYLYYYATDADFQFKDRFDPKATKALKTRLCELIYDACILAKNANMDVFNALTSQDNTLFLDDLKFGPGDGFLNFYLFNYRAKPITGGLNPDNSNDIKRRSNVGVVML,[0.5720000000000001],[0.5267994403839111],[0.524759829044342],[0.49840453267097473],[0.5563969016075134],[0.6280646920204163],[0.5468850791454315]
1JZT_1,MSTLKVVSSKLAAEIDKELMGPQIGFTLQQLMELAGFSVAQAVCRQFPLRGKTETEKGKHVFVIAGPGNNGGDGLVCARHLKLFGYNPVVFYPKRSERTEFYKQLVHQLNFFKVPVLSQDEGNWLEYLKPEKTLCIVDAIFGFSFKPPMREPFKGIVEELCKVQNIIPIVSVDVPTGWDVDKGPISQPSINPAVLVSLTVPKPCSSHIRENQTTHYVGGRFIPRDFANKFGFEPFGYESTDQILKL,[0.527],[0.4214017987251282],[0.3506706953048706],[0.3515596389770508],[0.4632505774497986],[0.44209274649620056],[0.40579509139060976]
1P1J_1,MTEDNIAPITSVKVVTDKCTYKDNELLTKYSYENAVVTKTASGRFDVTPTVQDYVFKLDLKKPEKLGIMLIGLGGNNGSTLVASVLANKHNVEFQTKEGVKQPNYFGSMTQCSTLKLGIDAEGNDVYAPFNSLLPMVSPNDFVVSGWDINNADLYEAMQRSQVLEYDLQQRLKAKMSLVKPLPSIYYPDFIAANQDERANNCINLDEKGNVTTRGKWTHLQRIRRDIQNFKEENALDKVIVLWTANTERYVEVSPGVNDTMENLLQSIKNDHEEIAPSTIFAAASILEGVPYINGSPQNTFVPGLVQLAEHEGTFIAGDDLKSGQTKLKSVLAQFLVDAGIKPVSIASYNHLGNNDGYNLSAPKQFRSKEISKSSVIDDIIASNDILYNDKLGKKVDHCIVIKYMKPVGDSKVAMDEYYSELMLGGHNRISIHNVCEDSLLATPLIIDLLVMTEFCTRVSYKKVDPVKEDAGKFENFYPVLTFLSYWLKAPLTRPGFHPVNGLNKQRTALENFLRLLIGLPSQNELRFEERLL,[0.518],[0.44242528080940247],[0.45579108595848083],[0.4694189131259918],[0.46002769470214844],[0.5495688319206238],[0.47544636130332946]
1QH5_1,MKVEVLPALTDNYMYLVIDDETKEAAIVDPVQPQKVVDAARKHGVKLTTVLTTHHHWDHAGGNEKLVKLESGLKVYGGDDRIGALTHKITHLSTLQVGSLNVKCLATPCHTSGHICYFVSKPGGSEPPAVFTGDTLFVAGCGKFYEGTADEMCKALLEVLGRLPPDTRVYCGHEYTINNLKFARHVEPGNAAIREKLAWAKEKYSIGEPTVPSTLAEEFTYNPFMRVREKTVQQHAGETDPVTTMRAVRREKDQFKMPRD,[0.895],[0.6191461086273193],[0.6450283527374268],[0.6586891412734985],[0.6936740279197693],[0.6068704724311829],[0.6446816205978394]
1S2M_1,GPLGSKDTRPQTDDVLNTKGNTFEDFYLKRELLMGIFEAGFEKPSPIQEEAIPVAITGRDILARAKNGTGKTAAFVIPTLEKVKPKLNKIQALIMVPTRELALQTSQVVRTLGKHCGISCMVTTGGTNLRDDILRLNETVHILVGTPGRVLDLASRKVADLSDCSLFIMDEADKMLSRDFKTIIEQILSFLPPTHQSLLFSATFPLTVKEFMVKHLHKPYEINLMEELTLKGITQYYAFVEERQKLHCLNTLFSKLQINQAIIFCNSTNRVELLAKKITDLGYSCYYSHARMKQQERNKVFHEFRQGKVRTLVCSDLLTRGIDIQAVNVVINFDFPKTAETYLHRIGRSGRFGHLGLAINLINWNDRFNLYKIEQELGTEIAAIPATIDKSLYVAENDET,[0.198],[0.35367995500564575],[0.2879771888256073],[0.3146592974662781],[0.3743097484111786],[0.3580109775066376],[0.33772743344306944]
1SM9_1,MSASIPDIKLSSGHLMPSIGFGCWKLANATAGEQVYQAIKAGYRLFDGAEDYGNEKEVGDGVKRAIDEGLVKREEIFLTSKLWNNYHDPKNVETALNKTLADLKVDYVDLFLIHFPIAFKFVPIEEKYPPGFYCGDGNNFVYEDVPILETWKALEKLVAAGKIKSIGVSNFPGALLLDLLRGATIKPAVLQVEHHPYLQQPKLIEFAQKAGVTITAYSSFGPQSFVEMNQGRALNTPTLFAHDTIKAIAAKYNKTPAEVLLRWAAQRGIAVIPRSDLPERLVQNRSFNTFDLTKEDFEEIAKLDIGLRFNDPWDWDNIPIFV,[0.6759999999999999],[0.4607953429222107],[0.35491177439689636],[0.3652859032154083],[0.5198450684547424],[0.47188371419906616],[0.4345443606376648]
1T0I_1,MKVGIIMGSVRAKRVCPEIAAYVKRTIENSEELIDQKLKIQVVDLQQIALPLYEDDDELIPAQIKSVDEYADSKTRSWSRIVNALDIIVFVTPQYNWGYPAALKNAIDRLYHEWHGKPALVVSYGGHGGSKCNDQLQEVLHGLKMNVIGGVAVKIPVGTIPLPEDIVPQLSVHNEEILQLLASCIETTRNK,[0.8140000000000001],[0.5535993576049805],[0.5484057068824768],[0.5280979871749878],[0.5243096351623535],[0.5998230576515198],[0.5508471488952636]
1TXN_1,MPAPQDPRNLPIRQQMEALIRRKQAEITQGLESIDTVKFHADTWTRGNDGGGGTSMVIQDGTTFEKGGVNVSVVYGQLSPAAVSAMKADHKNLRLPEDPKTGLPVTDGVKFFACGLSMVIHPVNPHAPTTHLNYRYFETWNQDGTPQTWWFGGGADLTPSYLYEEDGQLFHQLHKDALDKHDTALYPRFKKWCDEYFYITHRKETRGIGGIFFDDYDERDPQEILKMVEDCFDAFLPSYLTIVKRRKDMPYTKEEQQWQAIRRGRYVEFNLIYDRGTQFGLRTPGSRVESILMSLPEHASWLYNHHPAPGSREAKLLEVTTKPREWVK,[0.272],[0.5596125721931458],[0.5782018303871155],[0.6202696561813354],[0.6783803701400757],[0.6775124669075012],[0.6227953791618347]
1UN8_1,MSQFFFNQRTHLVSDVIDGAIIASPWNNLARLESDPAIRIVVRRDLNKNNVAVISGGGSGHEPAHVGFIGKGMLTAAVCGDVFASPSVDAVLTAIQAVTGEAGCLLIVKNYTGDRLNFGLAAEKARRLGYNVEMLIVGDDISLPDNKHPRGIAGTILVHKIAGYFAERGYNLATVLREAQYAASNTFSLGVALSSCHLPQETDAAPRHHPGHAELGMGIHGEPGASVIDTQNSAQVVNLMVDKLLAALPETGRLAVMINNLGGVSVAEMAIITRELASSPLHSRIDWLIGPASLVTALDMKGFSLTAIVLEESIEKALLTEVETSNWPTPVPPREITCVVSSHASARVEFQPSANALVAGIVELVTATLSDLETHLNALDAKVGDGDTGSTFAAAAREIASLLHRQQLPLNNLATLFALIGERLTVVMGGSSGVLMSIFFTAAGQKLEQGANVVEALNTGLAQMKFYGGADEGDRTMIDALQPALTSLLAQPKNLQAAFDAAQAGAERTCLSSKANAGRASYLSSESLLGNMDPGAQRLAMVFKALAESELG,[0.7440000000000001],[0.3436729311943054],[0.34325969219207764],[0.3494844436645508],[0.37432003021240234],[0.37221482396125793],[0.35659038424491885]
1VLP_1,MGSDKIHHHHHHMSEPVIKSLLDTDMYKITMHAAVFTNFPDVTVTYKYTNRSSQLTFNKEAINWLKEQFSYLGNLRFTEEEIEYLKQEIPYLPSAYIKYISSSNYKLHPEEQISFTSEEIEGKPTHYKLKILVSGSWKDTILYEIPLLSLISEAYFKFVDIDWDYENQLEQAEKKAETLFDNGIRFSEFGTRRRRSLKAQDLIMQGIMKAVNGNPDRNKSLLLGTSNILFAKKYGVKPIGTVAHEWVMGVASISEDYLHANKNAMDCWINTFGAKNAGLALTDTFGTDDFLKSFRPPYSDAYVGVRQDSGDPVEYTKKISHHYHDVLKLPKFSKIICYSDSLNVEKAITYSHAAKENGMLATFGIGTNFTNDFRKKSEPQVKSEPLNIVIKLLEVNGNHAIKISDNLGKNMGDPATVKRVKEELGYTERSWSGDNEAHRWT,[0.195],[0.4022444188594818],[0.39104753732681274],[0.4221131503582001],[0.4363838732242584],[0.3704010546207428],[0.40443800687789916]
1WA5_2,MDNGTDSSTSKFVPEYRRTNFKNKGRFSADELRRRRDTQQVELRKAKRDEALAKRRNFIPPTDGADSDEEDESSVSADQQFYSQLQQELPQMTQQLNSDDMQEQLSATVKFRQILSREHRPPIDVVIQAGVVPRLVEFMRENQPEMLQLEAAWALTNIASGTSAQTKVVVDADAVPLFIQLLYTGSVEVKEQAIWALGNVAGDSTDYRDYVLQCNAMEPILGLFNSNKPSLIRTATWTLSNLCRGKKPQPDWSVVSQALPTLAKLIYSMDTETLVDACWAISYLSDGPQEAIQAVIDVRIPKRLVELLSHESTLVQTPALRAVGNIVTGNDLQTQVVINAGVLPALRLLLSSPKENIKKEACWTISNITAGNTEQIQAVIDANLIPPLVKLLEVAEYKTKKEACWAISNASSGGLQRPDIIRYLVSQGCIKPLCDLLEIADNRIIEVTLDALENILKMGEADKEARGLNINENADFIEKAGGMEKIFNCQQNENDKIYEKAYKIIETYFGEEEDAVDETMAPQNAGNTFG,[0.632],[0.824919581413269],[0.8651200532913208],[0.7690633535385132],[0.7841487526893616],[0.7787981629371643],[0.8044099807739258]
1YAT_1,SEVIEGNVKIDRISPGDGATFPKTGDLVTIHYTGTLENGQKFDSSVDRGSPFQCNIGVGQVIKGWDVGIPKLSVGEKARLTIPGPYAYGPRGFPGLIPPNSTLVFDVELLKVN,[1.04],[0.8882778286933899],[0.9091824293136597],[0.9048892855644226],[0.923976719379425],[0.8306169509887695],[0.8913886427879334]
1YCD_1,MTVQIPKLLFLHGFLQNGKVFSEKSSGIRKLLKKANVQCDYIDAPVLLEKKDLPFEMDDEKWQATLDADVNRAWFYHSEISHELDISEGLKSVVDHIKANGPYDGIVGLSQGAALSSIITNKISELVPDHPQFKVSVVISGYSFTEPDPEHPGELRITEKFRDSFAVKPDMKTKMIFIYGASDQAVPSVRSKYLYDIYLKAQNGNKEKVLAYEHPGGHMVPNKKDIIRPIVEQITSSLQEASE,[0.945],[0.5272015929222107],[0.5007672309875488],[0.5439218878746033],[0.557390570640564],[0.5531591176986694],[0.5364880800247193]
1YFQ_1,MQIVQIEQAPKDYISDIKIIPSKSLLLITSWDGSLTVYKFDIQAKNVDLLQSLRYKHPLLCCNFIDNTDLQIYVGTVQGEILKVDLIGSPSFQALTNNEANLGICRICKYGDDKLIAASWDGLIEVIDPRNYGDGVIAVKNLNSNNTKVKNKIFTMDTNSSRLIVGMNNSQVQWFRLPLCEDDNGTIEESGLKYQIRDVALLPKEQEGYACSSIDGRVAVEFFDDQGDDYNSSKRFAFRCHRLNLKDTNLAYPVNSIEFSPRHKFLYTAGSDGIISCWNLQTRKKIKNFAKFNEDSVVKIACSDNILCLATSDDTFKTNAAIDQTIELNASSIYIIFDYENP,[0.518],[0.4329829514026642],[0.3908317983150482],[0.2893180251121521],[0.4991016983985901],[0.49283260107040405],[0.42101341485977173]
2AL1_1,AVSKVYARSVYDSRGNPTVEVELTTEKGVFRSIVPSGASTGVHEALEMRDGDKSKWMGKGVLHAVKNVNDVIAPAFVKANIDVKDQKAVDDFLISLDGTANKSKLGANAILGVSLAASRAAAAEKNVPLYKHLADLSKSKTSPYVLPVPFLNVLNGGSHAGGALALQEFMIAPTGAKTFAEALRIGSEVYHNLKSLTKKRYGASAGNVGDEGGVAPNIQTAEEALDLIVDAIKAAGHDGKVKIGLDCASSEFFKDGKYDLDFKNPNSDKSKWLTGPQLADLYHSLMKRYPIVSIEDPFAEDDWEAWSHFFKTAGIQIVADDLTVTNPKRIATAIEKKAADALLLKVNQIGTLSESIKAAQDSFAAGWGVMVSHRSGETEDTFIADLVVGLRTGQIKTGAPARSERLAKLNQLLRIEEELGDNAVFAGENFHHGDKL,[0.753],[0.654151439666748],[0.7092494368553162],[0.6437883973121643],[0.7223162055015564],[0.6144490242004395],[0.6687909007072449]
2B9H_1,MPKRIVYNISSDFQLKSLLGEGAYGVVCSATHKPTGEIVAIKKIEPFDKPLFALRTLREIKILKHFKHENIITIFNIQRPDSFENFNEVYIIQELMQTDLHRVISTQMLSDDHIQYFIYQTLRAVKVLHGSNVIHRDLKPSNLLINSNCDLKVCDFGLARIIDESAADNSEPTGQQSGMVEFVATRWYRAPEVMLTSAKYSRAMDVWSCGCILAELFLRRPIFPGRDYRHQLLLIFGIIGTPHSDNDLRCIESPRAREYIKSLPMYPAAPLEKMFPRVNPKGIDLLQRMLVFDPAKRITAKEALEHPYLQTYHDPNDEPEGEPIPPSFFEFDHYKEALTTKDLKKLIWNEIFS,[0.026000000000000002],[0.3656392991542816],[0.2670300006866455],[0.31629303097724915],[0.3870696723461151],[0.3884091079235077],[0.3448882222175598]
2BIE_1,MVKQVFNFNAGPSALPKPALERAQKELLNFNDTQMSVMELSHRSQSYEEVHEQAQNLLRELLQIPNDYQILFLQGGASLQFTMLPMNLLTKGTIGNYVLTGSWSEKALKEAKLLGETHIAASTKANSYQSIPDFSEFQLNENDAYLHITSNNTIYGTQYQNFPEINHAPLIADMSSDILSRPLKVNQFGMIYAGAQKNLGPSGVTVVIVKKDLLNTKVEQVPTMLQYATHIKSDSLYNTPPTFSIYMLRNVLDWIKDLGGAEAIAKQNEEKAKIIYDTIDESNGFYVGHAEKGSRSLMNVTFNLRNEELNQQFLAKAKEQGFVGLNGHRSVGGCRASIYNAVPIDACIALRELMIQFKENA,[0.561],[0.4643367826938629],[0.3868463933467865],[0.40145644545555115],[0.4699031710624695],[0.44348493218421936],[0.4332055449485779]
2DYT_1,GSMIRSTLSSWREYLTPITHKSTFLTTGQITPEEFVQAGDYLCHMFPTWKWNEESSDISYRDFLPKNKQFLIIRKVPCDKRAEQCVEVEGPDVIMKGFAEDGDEDDVLEYIGSETEHVQSTPAGGTKDSSIDDIDELIQDMEIKEEDENDDTEEFNAKGGLAKDMAQERYYDLYIAYSTSYRVPKMYIVGFNSNGSPLSPEQMFEDISADYRTKTATIEKLPFYKNSVLSVSIHPCKHANVMKILLDKVRVVRQRRRKELQEEQELDGVGDWEDLQDDIDDSLRVDQYLIVFLKFITSVTPSIQHDYTMEGW,[0.7659999999999999],[0.7856950163841248],[0.7782437205314636],[0.7311932444572449],[0.7052885293960571],[0.774090051651001],[0.7549021124839783]
2G80_1,MGSDKIHHHHHHMVIGQKVLLARIPKMGDNYSTYLLDIEGTVCPISFVKETLFPYFTNKVPQLVQQDTRDSPVSNILSQFHIDNKEQLQAHILELVAKDVKDPILKQLQGYVWAHGYESGQIKAPVYADAIDFIKRKKRVFIYSSGSVKAQKLLFGYVQDPNAPAHDSLDLNSYIDGYFDINTSGKKTETQSYANILRDIGAKASEVLFLSDNPLELDAAAGVGIATGLASRPGNAPVPDGQKYQVYKNFETL,[0.414],[0.7277054190635681],[0.7323708534240723],[0.7169464826583862],[0.7017226219177246],[0.7510889172554016],[0.7259668588638306]
2HHM_1,ADPWQECMDYAVTLARQAGEVVCEAIKNEMNVMLKSSPVDLVTATDQKVEKMLISSIKEKYPSHSFIGEESVAAGEKSILTDNPTWIIDPIDGTTNFVHRFPFVAVSIGFAVNKKIEFGVVYSCVEGKMYTARKGKGAFCNGQKLQVSQQEDITKSLLVTELGSSRTPETVRMVLSNMEKLFCIPVHGIRSVGTAAVNMCLVATGGADAYYEMGIHCWDVAGAGIIVTEAGGVLMDVTGGPFDLMSRRVIAANNRILAERIAKEIQVIPLQRDDED,[0.423],[0.5594891905784607],[0.6296007037162781],[0.656001627445221],[0.6632022857666016],[0.6112884283065796],[0.6239164471626282]
2O06_1,GSMEPGPDGPAASGPAAIREGWFRETCSLWPGQALSLQVEQLLHHRRSRYQDILVFRSKTYGNVLVLDGVIQCTERDEFSYQEMIANLPLCSHPNPRKVLIIGGGDGGVLREVVKHPSVESVVQCEIDEDVIQVSKKFLPGMAIGYSSSKLTLHVGDGFEFMKQNQDAFDVIITDSSDPMGPAESLFKESYYQLMKTALKEDGVLCCQGECQWLHLDLIKEMRQFCQSLFPVVAYAYCTIPTYPSGQIGFMLCSKNPSTNFQEPVQPLTQQQVAQMQLKYYNSDVHRAAFVLPEFARKALNDVS,[0.978],[0.5013825297355652],[0.4771263301372528],[0.4823312759399414],[0.5693762898445129],[0.49230295419692993],[0.5045038759708405]
2OO0_1,AGENLYFQSLMNNFGNEEFDCHFLDEGFTAKDILDQKINEVSSSDDKDAFYVADLGDILKKHLRWLKALPRVTPFYAVKCNDSKAIVKTLAATGTGFDCASKTEIQLVQSLGVPPERIIYANPCKQVSQIKYAANNGVQMMTFDSEVELMKVARAHPKAKLVLRIATDDSKAVCRLSVKFGATLRTSRLLLERAKELNIDVVGVSFHVGSGCTDPETFVQAISDARCVFDMGAEVGFSMYLLDIGGGFPGSEDVKLKFEEITGVINPALDKYFPSDSGVRIIAEPGRYYVASAFTLAVNIIAKKIVLKEQTGSDDEDESSEQTFMYYVNDGVYGSFNCILYDHAHVKPLLQKRPKPDEKYYSSSIWGPTCDGLDRIVERCDLPEMHVGDWMLFENMGAYTVAAASTFNGFQRPTIYYVMSGPAWQLMQQFQNPDFPPEVEEQDASTLPVSCAWESGMKRHRAACASASINV,[0.9109999999999999],[0.478975385427475],[0.4377104938030243],[0.4102631211280823],[0.5020715594291687],[0.5078669190406799],[0.46737749576568605]
2QJL_1,MVNVKVEFLGGLDAIFGKQRVHKIKMDKEDPVTVGDLIDHIVSTMINNPNDVSIFIEDDSIRPGIITLINDTDWELEGEKDYILEDGDIISFTSTLHGG,[0.978],[0.8948805928230286],[0.9210999011993408],[0.9334243535995483],[0.9471504092216492],[0.9374372959136963],[0.9267985105514527]
2QKD_1,MGHHHHHHGSIESLCMNCYRNGTTRLLLTKIPFFREIIVSSFSCEHCGWNNTEIQSAGRIQDQGVRYTLTVRSQEDMNREVVKTDSATTRIPELDFEIPAFSQKGALTTVEGLISRAISGLEQDQPTRRAVEGAIAERIDEFIGKLKDLKQMASPFTLVIDDPSGNSFVENPHAPQKDNALVITYYDRTPQQAEMLGLQAEAPEEKAEEEDLRNEVLQFNTNCPECNAPAQTNMKLVQIPHFKEVIIMATNCENCGHRTNEVKSGGAVEPLGTRITLHITDPSDMTRDLLKSETCSVEIPELEFELGMAVLGGKFTTLEGLLKDIRELVTKNPFTLGDSSNPDQSEKLQEFSQKLGQIIEGKMKAHFIMNDPAGNSYLQNVYAPEDDPEMKVERYKRTFDQNEE,[1.1320000000000001],[0.8516029715538025],[0.8817464113235474],[0.8792341947555542],[0.891925573348999],[0.8770967721939087],[0.8763211846351624]
2QLT_1,GHMKRFNVLKYIRTTKANIQTIAMPLTTKPLSLKINAALFDVDGTIIISQPAIAAFWRDFGKDKPYFDAEHVIHISHGWRTYDAIAKFAPDFADEEYVNKLEGEIPEKYGEHSIEVPGAVKLCNALNALPKEKWAVATSGTRDMAKKWFDILKIKRPEYFITANDVKQGKPHPEPYLKGRNGLGFPINEQDPSKSKVVVFEDAPAGIAAGKAAGCKIVGIATTFDLDFLKEKGCDIIVKNHESIRVGEYNAETDEVELIFDDYLYAKDDLLKWGS,[0.851],[0.6159545183181763],[0.6984187364578247],[0.6794474720954895],[0.6840381622314453],[0.6921903491020203],[0.6740098476409913]
2QRL_1,MGHHHHHHHHHHSSGHIEGRHMAAVTLHLRAETKPLEARAALTPTTVKKLIAKGFKIYVEDSPQSTFNINEYRQAGAIIVPAGSWKTAPRDRIIIGLKEMPETDTFPLVHEHIQFAHCYKDQAGWQNVLMRFIKGHGTLYDLEFLENDQGRRVAAFGFYAGFAGAALGVRDWAFKQTHSDDEDLPAVSPYPNEKALVKDVTKDYKEALATGARKPTVLIIGALGRCGSGAIDLLHKVGIPDANILKWDIKETSRGGPFDEIPQADIFINCIYLSKPIAPFTNMEKLNNPNRRLRTVVDVSADTTNPHNPIPIYTVATVFNKPTVLVPTTAGPKLSVISIDHLPSLLPREASEFFSHDLLPSLELLPQRKTAPVWVRAKKLFDRHCARVKRSSRL,[0.937],[0.43487390875816345],[0.3798825144767761],[0.4288415014743805],[0.5531299710273743],[0.41989946365356445],[0.44332547187805177]
2R3V_1,MLSEVLLVSAPGKVILHGEHAVVHGKVALAVSLNLRTFLRLQPHSNGKVDLSLPNIGIKRAWDVARLQSLDTSFLEQGDVTTPTSEQVEKLKEVAGLPDDCAVTERLAVLAFLYLYLSICRKQRALPSLDIVVWSELPPGAGLGSSAAYSVCLAAALLTVCEEIPNPLKDGDCVNRWTKEDLELINKWAFQGERMIHGNPSGVDNAVSTWGGALRYHQGKISSLKRSPALQILLTNTKVPRNTRALVAGVRNRLLKFPEIVAPLLTSIDAISLECERVLGEMGEAPAPEQYLVLEELIDMNQHHLNALGVGHASLDQLCQVTRARGLHSKLTGAGGGGCGITLLKPGLEQPEVEATKQALTSCGFDCLETSIGAPGVSIHSATSLDSRVQQALDGL,[0.672],[0.41213470697402954],[0.4023931920528412],[0.42525213956832886],[0.5086624622344971],[0.4433189034461975],[0.43835228085517886]
2V7Y_1,MSKIIGIDLGTTNSCVAVLEGGEVKVIPNPEGNRTTPSVVAFKNGERLVGEVAKRQAITNPNTIISIKRHMGTDYKVEIEGKQYTPQEISAIILQYLKSYAEDYLGEPVTRAVITVPAYFNDAQRQATKDAGRIAGLEVERIINEPTAAALAYGLDKEEDQTILVYDLGGGTFDVSILELGDGVFEVKATAGDNHLGGDDFDQVIIDYLVNQFKQEHGIDLSKDKMALQRLKDAAEKAKKELSGVTQTQISLPFISANENGPLHLEMTLTRAKFEELSAHLVERTMGPVRQALQDAGLTPADIDKVILVGGSTRIPAVQEAIKRELGKEPHKGVNPDEVVAIGAAIQGGVIAGEVKDVVLLDVTPLSLGIETMGGVFTKLIERNTTIPTSKSQVFTTAADNQTTVDIHVLQGERPMAADNKSLGRFQLTGIPPAPRGVPQIEVTFDIDANGIVHVRAKDLGTNKEQSITIKSSSGLSEEEIQRMIKEAEENAEADRKRKEAAELRNEAD,[0.795],[0.8942984342575073],[0.9265244603157043],[0.9152122139930725],[0.9145283102989197],[0.888076663017273],[0.9077280163764954]
2VK8_1,MSEITLGKYLFERLKQVNVNTVFGLPGDFNLSLLDKIYEVEGMRWAGNANELNAAYAADGYARIKGMSCIITTFGVGELSALNGIAGSYAEHVGVLHVVGVPSISAQAKQLLLHHTLGNGDFTVFHRMSANISETTAMITDIATAPAEIDRCIRTTYVTQRPVYLGLPANLVDLNVPAKLLQTPIDMSLKPNDAESEKEVIDTILVLDKDAKNPVILADACCSRHDVKAETKKLIDLTQFPAFVTPMGKGSIDEQHPRYGGVYVGTLSKPEVKEAVESADLILSVGALLSDFNTGSFSYSYKTKNIVEFHSDHMKIRNATFPGVQMKFVLQKLLTTIADAAKGYKPVAVPARTPANAAVPASTPLKQEWMWNQLGNFLQEGDVVIAETGTSAFGINQTTFPNNTYGISQVLWGSIGFTTGATLGAAFAAEEIDPKKRVILFIGDGSLQLTVQEISTMIRWGLKPYLFVLNNDGYTIQKLIHGPKAQYNEIQGWDHLSLLPTFGAKDYETHRVATTGEWDKLTQDKSFNDNSKIRMIEVMLPVFDAPQNLVEQAKLTAATNAKQ,[0.267],[0.3780422806739807],[0.33714744448661804],[0.35962411761283875],[0.43424245715141296],[0.4109466075897217],[0.38400058150291444]
2WPV_1,MVPAESNAVQAKLAKTLQRFENKIKAGDYYEAHQTLRTIANRYVRSKSYEHAIELISQGALSFLKAKQGGSGTDLIFYLLEVYDLAEVKVDDISVARLVRLIAELDPSEPNLKDVITGMNNWSIKFSEYKFGDPYLHNTIGSKLLEGDFVYEAERYFMLGTHDSMIKYVDLLWDWLCQVDDIEDSTVAEFFSRLVFNYLFISNISFAHESKDIFLERFIEKFHPKYEKIDKNGYEIVFFEDYSDLNFLQLLLITCQTKDKSYFLNLKNHYLDFSQAYKSELEFLGQEYFNIVAPKQTNFLQDMMSGFLGGSK,[0.617],[0.502901554107666],[0.4606984853744507],[0.5042233467102051],[0.5360852479934692],[0.48164552450180054],[0.4971108317375183]
2WSI_1,MQLSKAAEMCYEITNSYLHIDQKSQIIASTQEAIRLTRKYLLSEIFVRWSPLNGEISFSYNGGKDCQVLLLLYLSCLWEYFFIKAQNSQFDFEFQSFPMQRLPTVFIDQEETFPTLENFVLETSERYCLSLYESQRQSGASVNMADAFRDFIKIYPETEAIVIGIRHTDPFGEALKPIQRTDSNWPDFMRLQPLLHWDLTNIWSFLLYSNEPICGLYGKGFTSIGGINNSLPNPHLRKDSNNPALHFEWEIIHAFGKDAEGERSSAINTSPISVVDKERFSKYHDNYYPGWYLVDDTLERAGRIKN,[0.106],[0.305957168340683],[0.22488777339458466],[0.24888809025287628],[0.3152603805065155],[0.2775298058986664],[0.27450464367866517]
2XQ0_1,MLPLSIEQRRPSRSPEYDQSTLSNYKDFAVLHTDLNLSVSFEKSAISGSVTFQLKKLHEGKNKSDELHLDTSYLDVQEVHIDGSKADFQIEQRKEPLGSRLVINNASCNDNFTLNIQFRTTDKCTALQWLNSKQTKGGKPYVFSQLEAIHARSLFPCFDTPSVKSTFTASIESPLPVVFSGIRIEDTSKDTNIYRFEQKVPIPAYLIGIASGDLSSAPIGPRSTVYTEPFRLKDCQWEFENDVEKFIQTAEKIIFEYEWGTYDILVNVDSYPYGGMESPNMTFATPTLLAHDRSNIDVIAHELAHSWSGNLVTNCSWNHFWLNEGWTVYLERRIIGAIHGEPTRHFSALIGWSDLQNSIDSMKDPERFSTLVQNLNDNTDPDDAFSTVPYEKGFNLLFHLETILGGKAEFDPFIRHYFKKFAKKSLDTFQFLDTLYEFYPEKKEILDSVDWETWLYKPGMPPRPHFITALADNVYQLADKWVEMAQHLKTTEDFRSEFNAIDIKDFNSNQLVLFLETLTQNGHSNKKPKDFDWAKFPVASRALLDIYQDNIVKSQNAEVVFKMFKFQIFAKLQEEYKHLADWLGTVGRMKFVRPGYRLLNSVDRRLALATFDKFKDTYHPICKALVKQDLKL,[0.155],[0.3560323119163513],[0.35477980971336365],[0.3664587736129761],[0.4006659984588623],[0.36617839336395264],[0.3688230574131012]
2YQC_1,MTVKSQQQIIDSFKQANQDQLFQYYDSLTIDQQQEFIDQLSTIEEPAKLISTVEQAIQFSQTNSTSRNFTQLPNEQTASTLDLSKDILQNWTELGLKAIGNGEVAVLLMAGGQGTRLGSSAPKGCFNIELPSQKSLFQIQAEKILKIEQLAQQYLKSTKKPIINWYIMTSGPTRNATESFFIENNYFGLNSHQVIFFNQGTLPCFNLQGNKILLELKNSICQSPDGNGGLYKALKDNGILDDLNSKGIKHIHMYCVDNCLVKVADPIFIGFAIAKKFDLATKVVRKRDANESVGLIVLDQDNQKPCVIEYSEISQELANKKDPQDSSKLFLRAANIVNHYYSVEFLNKMIPKWISSQKYLPFHIAKKKIPSLNLENGEFYKPTEPNGIKLEQFIFDVFPSVELNKFGCLEVDRLDEFSPLKNADGAKNDTPTTCRNHYLERSSKWVIQNGGVIDNQGLVEVDSKTSYGGEGLEFVNGKHFKNGDII,[0.8140000000000001],[0.5829155445098877],[0.5323830842971802],[0.4585508406162262],[0.5615103244781494],[0.5114971399307251],[0.5293713867664337]
2YXU_1,MEEECRVLSIQSHVIRGYVGNRAATFPLQVLGFEIDAVNSVQFSNHTGYAHWKGQVLNSDELQELYEGLRLNNMNKYDYVLTGYTRDKSFLAMVVDIVQELKQQNPRLVYVCDPVLGDKWDGEGSMYVPEDLLPVYKEKVVPLADIITPNQFEAELLSGRKIHSQEEALRVMDMLHSMGPDTVVITSSDLPSPQGSNYLIVLGSQRRRNPAGSVVMERIRMDIRKVDAVFVGTGDLFAAMLLAWTHKHPNNLKVACEKTVSTLHHVLQRTIQCAKAQAGEGVRPSPMQLELRMVQSKRDIEDPEIVVQATVL,[0.237],[0.38259240984916687],[0.33798402547836304],[0.302349328994751],[0.3804851174354553],[0.35200226306915283],[0.3510826289653778]
2Z5B_1,GSHMLVKTISRTIESESGFLQPTLDVIATLPADDRSKKIPISLVVGFKQEASLNSSSSLSCYYYAIPLMRDRHINLKSGGSNVVGIPLLDTKDDRIRDMARHMATIISERFNRPCYVTWSSLPSEDPSMLVANHLYILKKCLDLLKTELGE,[0.415],[0.44574278593063354],[0.5162392854690552],[0.578199565410614],[0.6236411333084106],[0.5382683277130127],[0.5404182195663452]
2Z5D_1,MGSSHHHHHHSSGLVPRGSMSSPSPGKRRMDTDVIKLIESKHEVTILGGLNEFVVKFYGPQGTPYEGGVWKVRVDLPDKYPFKSPSIGFMNKIFHPNIDEASGTVCLDVINQTWTALYDLTNIFESFLPQLLAYPNPIDPLNGDAAAMYLHRPEEYKQKIKEYIQKYATEEALKEQEEG,[0.795],[0.8127183318138123],[0.7677069306373596],[0.7534409165382385],[0.7403526306152344],[0.7131792306900024],[0.7574796080589294]
3BW1_1,MHHHHHHMETPLDLLKLNLDERVYIKLRGARTLVGTLQAFDSHCNIVLSDAVETIYQLNNEELSESERRCEMVFIRGDTVTLISTPSEDDDGAVEI,[0.894],[0.8927066326141357],[0.905107319355011],[0.9463081359863281],[0.91472989320755],[0.884245753288269],[0.9086195468902588]
3C1R_1,MGHHHHHHMVSQETIKHVKDLIAENEIFVASKTYCPYCHAALNTLFEKLKVPRSKVLVLQLNDMKEGADIQAALYEINGQRTVPNIYINGKHIGGNDDLQELRETGELEELLEPILAN,[1.109],[0.8965768814086914],[0.8951998353004456],[0.9033579230308533],[0.8654618263244629],[0.8781523108482361],[0.8877497553825379]
3CMI_1,MGHHHHHHMSEFYKLAPVDKKGQPFPFDQLKGKVVLIVNVASKCGFTPQYKELEALYKRYKDEGFTIIGFPCNQFGHQEPGSDEEIAQFCQLNYGVTFPIMKKIDVNGGNEDPVYKFLKSQKSGMLGLRGIKWNFEKFLVDKKGKVYERYSSLTKPSSLSETIEELLKEVE,[0.907],[0.6744402050971985],[0.5554485321044922],[0.6034004092216492],[0.6795336604118347],[0.6461217999458313],[0.6317889213562011]
3DRA_2,MNQLLINKHEKFFNRCLIGLPSTAQSEDSNKLAIIYFCLHGLQLIQKFQFTNQELIYYRNFIINQFMIENNQIISFRSTHYFQKTNQKYDCPNLSSTLFALYNLLILKSPYHTIINRKKIMNFLCKCQVKDGINKGGFVPTLYYNEENGDYKQYGEPDLRVCYMALLIRHLMKYDDNNNNNNREDSNETDIDLISLQQFILDRININGGFSSTIMDESHLGFTFCAIASLKLLNYPLEKLKSTKEWLIHRQVDYPENLYPKDGNGDGNGNGDNYEYYRNIDIGGFNGRENKLSDTCYSWWCTGSLYNIDVNFIKLVDLNKAEDYLLNKTQNQLFGGFGRDPDSTPDPMHSYLALASLSLWNHEKFALQEINPILTITKESYQFFKEEIKY,[0.184],[0.21201230585575104],[0.1770302951335907],[0.20062358677387238],[0.2999998927116394],[0.2219652384519577],[0.22232626378536224]
3E9K_1,MEPSSLELPADTVQRIAAELKCHPTDERVALHLDEEDKLRHFRECFYIPKIQDLPPVDLSLVNKDENAIYFLGNSLGLQPKMVKTYLEEELDKWAKIAAYGHEVGKRPWITGDESIVGLMKDIVGANEKEIALMNALTVNLHLLMLSFFKPTPKRYKILLEAKAFPSDHYAIESQLQLHGLNIEESMRMIKPREGEETLRIEDILEVIEKEGDSIAVILFSGVHFYTGQHFNIPAITKAGQAKGCYVGFDLAHAVGNVELYLHDWGVDFACWCSYKYLNAGAGGIAGAFIHEKHAHTIKPALVGWFGHELSTRFKMDNKLQLIPGVCGFRISNPPILLVCSLHASLEIFKQATMKALRKKSVLLTGYLEYLIKHNYGKDKAATKKPVVNIITPSHVEERGCQLTITFSVPNKDVFQELEKRGVVCDKRNPNGIRVAPVPLYNSFHDVYKFTNLLTSILDSAETKN,[0.32],[0.32564491033554077],[0.2835155129432678],[0.31565335392951965],[0.35383784770965576],[0.33847466111183167],[0.32342525720596316]
3ELV_1,GMFHRRKRPYNTRNYGHDDKKFKSQYIDIMPDFSPSGLLELESNNKEGIALKHVEPQDAISPDNYMDMLGLEARDRTMYELVIYRKNDKDKGPWKRYDLNGRSCYLVGRELGHSLDTDLDDRTEIVVADIGIPEETSSKQHCVIQFRNVRGILKCYVMDLDSSNGTCLNNVVIPGARYIELRSGDVLTLSEFEEDNDYELIFMNV,[0.825],[0.7097949385643005],[0.6570277214050293],[0.6969305872917175],[0.7283483147621155],[0.7284161448478699],[0.7041035413742065]
3FK3_1,GARIKTLSVSRPIIYGNTAKKMGSVKPPNAPAEHTHLWTIFVRGPQNEDISYFIKKVVFKLHDTYPNPVRSIEAPPFELTETGWGEFDINIKVYFVEEANEKVLNFYHRLRLHPYANPVPNSDNGNEQNTTDHNSKDAEVSSVYFDEIVFNEPNEEFFKILMSR,[0.905],[0.7998660206794739],[0.7659445405006409],[0.7793897986412048],[0.766038715839386],[0.7999510169029236],[0.7822380185127258]
3G5T_1,SSTFSASDFNSERYSSSRPSYPSDFYKMIDEYHDGERKLLVDVGCGPGTATLQMAQELKPFEQIIGSDLSATMIKTAEVIKEGSPDTYKNVSFKISSSDDFKFLGADSVDKQKIDMITAVECAHWFDFEKFQRSAYANLRKDGTIAIWGYADPIFPDYPEFDDLMIEVPYGKQGLGPYWEQPGRSRLRNMLKDSHLDPELFHDIQVSYFCAEDVRDKVKLHQHTKKPLLIRKQVTLVEFADYVRTWSAYHQWKQDPKNKDKEDVADWFIKESLRRRPELSTNTKIEVVWNTFYKLGKRV,[0.7829999999999999],[0.4414779543876648],[0.3898862898349762],[0.4122127294540405],[0.42479148507118225],[0.4645951986312866],[0.4265927314758301]
3GW3_1,MEANGLGPQGFPELKNDTFLRAAWGEETDYTPVWCMRQAGRYLPEFRETRAAQDFFSTCRSPEACCELTLQPLRRFPLDAAIIFSDILVVPQALGMEVTMVPGKGPSFPEPLREEQDLERLRDPEVVASELGYVFQAITLTRQRLAGRVPLIGFAGAPWTLMTYMVEGGGSSTMAQAKRWLYQRPQASHQLLRILTDALVPYLVGQVVAGAQALQLFESHAGHLGPQLFNKFALPYIRDVAKQVKARLREAGLAPVPMIIFAKDGHFALEELAQAGYEVVGLDWTVAPKKARECVGNTVTLQGNLDPCALYASEEEIGQLVKQMLDDFGPHRYIANLGHGLYPDMDPEHVGAFVDAVHKHSRLLRQN,[0.312],[0.4708670675754547],[0.44875502586364746],[0.4498976469039917],[0.4873751699924469],[0.48833051323890686],[0.46904508471488954]
3HTK_3,MALNDNPIPKSVPLHPKSGKYFHNLHARDLSNIYQQCYKQIDETINQLVDSTSPSTIGIEEQVADITSTYKLLSTYESESNSFDEHIKDLKKNFKQSSDACPQIDLSTWDKYRTGELTAPKLSELYLNMPTPEPATMVNNTDTLKILKVLPYIWNDPTCVIPDLQNPADEDDLQIEGGKIELTCPITCKPYEAPLISRKCNHVFDRDGIQNYLQGYTTRDCPQAACSQVVSMRDFVRDPIMELRCKIAKMKESQEQDKRSSQAIDVL,[0.899],[0.8511171340942383],[0.8654317855834961],[0.8375369906425476],[0.8218247294425964],[0.7761738896369934],[0.8304169058799744]
3I4T_1,MAHHHHHHMGTLEAQTQGPGSMLYIIGLGLYDEKDITVRGLEAVKSCDLVFLEHYTAILQCDVAKLEEFYGKKVIIGDRDLVETEADQILEPAKTKNVALLVVGDVYGATTHSDIFVRCQKMGIEVKVIHNASIMNAIGCSGLQLYRFGQTVSVCFWSEHWRPSSYYPKIKINRDNNMHTLVLLDIKVKERSEESIIKGRDIFEPPRYMTINQCIEQLLEVEKEQHLGVYDEDTMVVGMARVACADQKIVYGKMKDLLHYDFGAPMHCLLIPAPQVDDPELDQLEYFKYKPE,[0.85],[0.5289257764816284],[0.4958338439464569],[0.5679501891136169],[0.6140162348747253],[0.5670455098152161],[0.5547543108463288]
3LDA_1,MSQVQEQHISESQLQYGNGSLMSTVPADLSQSVVDGNGNGSSEDIEATNGSGDGGGLQEQAEAQGEMEDEAYDEAALGSFVPIEKLQVNGITMADVKKLRESGLHTAEAVAYAPRKDLLEIKGISEAKADKLLNEAARLVPMGFVTAADFHMRRSELICLTTGSKNLDTLLGGGVETGSITELFGEFRTGKSQLCHTLAVTCQIPLDIGGGEGKCLYIDTEGTFRPVRLVSIAQRFGLDPDDALNNVAYARAYNADHQLRLLDAAAQMMSESRFSLIVVDSVMALYRTDFSGRGELSARQMHLAKFMRALQRLADQFGVAVVVTNQVVAQVDGGMAFNPDPKKPIGGNIMAYSSTTRLGFKKGKGCQRLCKVVDSPCLPEAECVFAIYEDGVGDPREEDE,[0.769],[0.6761617064476013],[0.619907557964325],[0.5226835608482361],[0.5880271792411804],[0.6275060176849365],[0.6068572044372559]
3MMY_1,MSLFGTTSGFGTSGTSMFGSATTDNHNPMKDIEVTSSPDDSIGCLSFSPPTLPGNFLIAGSWANDVRCWEVQDSGQTIPKAQQMHTGPVLDVCWSDDGSKVFTASCDKTAKMWDLSSNQAIQIAQHDAPVKTIHWIKAPNYSCVMTGSWDKTLKFWDTRSSNPMMVLQLPERCYCADVIYPMAVVATAERGLIVYQLENQPSEFRRIESPLKHQHRCVAIFKDKQNKPTGFALGSIEGRVAIHYINPPNPAKDNFTFKCHRSNGTNTSAPQDIYAVNGIAFHPVHGTLATVGSDGRFSFWDKDARTKLKTSEQLDQPISACCFNHNGNIFAYASSYDWSKGHEFYNPQKKNYIFLRNAAEELKPRNKK,[0.063],[0.29387009143829346],[0.22191444039344788],[0.19191184639930725],[0.36071786284446716],[0.2362736612558365],[0.26093758046627047]
3NVA_1,MPNKYIVVTGGVLSSVGKGTLVASIGMLLKRRGYNVTAVKIDPYINVDAGTMNPYMHGEVFVTEDGAETDLDLGHYERFMDVNMTKYNNITAGKVYFEVIKKEREGKYLGQTVQIIPHVTDQIKDMIRYASKINNAEITLVEIGGTVGDIESLPFLEAVRQLKLEEGEDNVIFVHIALVEYLSVTGELKTKPLQHSVQELRRIGIQPDFIVGRATLPLDDETRRKIALFTNVKVDHIVSSYDVETSYEVPIILESQKLVSKILSRLKLEDRQVDLTDWISFVNNIKGINSKKTINIALVGKYTKLKDSYISIKEAIYHASAYIGVRPKLIWIESTDLESDTKNLNEILGNVNGIIVLPGFGSRGAEGKIKAIKYAREHNIPFLGICFGFQLSIVEFARDVLGLSEANSTEINPNTKDPVITLLDEQKNVTQLGGTMRLGAQKIILKEGTIAYQLYGKKVVYERHRHRYEVNPKYVDILEDAGLVVSGISENGLVEIIELPSNKFFVATQAHPEFKSRPTNPSPIYLGFIRAVASL,[0.792],[0.4667166769504547],[0.43379876017570496],[0.4522918462753296],[0.5058954954147339],[0.5220805406570435],[0.47615666389465333]
3NZJ_11,MQAIADSFSVPNRLVKELQYDNEQNLESDFVTGASQFQRLAPSLTVPPIASPQQFLRAHTDDSRNPDCKIKIAHGTTTLAFRFQGGIIVAVDSRATAGNWVASQTVKKVIEINPFLLGTMAGGAADCQFWETWLGSQCRLHELREKERISVAAASKILSNLVYQYKGAGLSMGTMICGYTRKEGPTIYYVDSDGTRLKGDIFCVGSGQTFAYGVLDSNYKWDLSVEDALYLGKRSILAAAHRDAYSGGSVNLYHVTEDGWIYHGNHDVGELFWKVKEEEGSFNNVIG,[0.225],[0.326211541891098],[0.31664568185806274],[0.2806302011013031],[0.3124338984489441],[0.32429078221321106],[0.3120424211025238]
3OII_1,GMVEDSRVRDALKGGDQKALPASLVPQAPPVLTSKDKITKRMIVVLAMASLETHKISSNGPGGDKYVLLNCDDHQGLLKKMGRDISEARPDITHQCLLTLLDSPINKAGKLQVYIQTSRGILIEVNPTVRIPRTFKRFSGLMVQLLHKLSIRSVNSEEKLLKVIKNPITDHLPTKCRKVTLSFDAPVIRVQDYIEKLDDDESICVFVGAMARGKDNFADEYVDEKVGLSNYPLSASVACSKFCHGAEDAWNIL,[0.662],[0.7159872651100159],[0.7493835091590881],[0.7678242325782776],[0.7735352516174316],[0.7609898447990417],[0.753544020652771]
3PNU_1,MHHHHHHSSGVDLGTENLYFQSNAMKLKNPLDMHLHLRDNQMLELIAPLSARDFCAAVIMPNLIPPLCNLEDLKAYKMRILKACKDENFTPLMTLFFKNYDEKFLYSAKDEIFGIKLYPAGITTNSNGGVSSFDIEYLKPTLEAMSDLNIPLLVHGETNDFVMDRESNFAKIYEKLAKHFPRLKIVMEHITTKTLCELLKDYENLYATITLHHLIITLDDVIGGKMNPHLFCKPIAKRYEDKEALCELAFSGYEKVMFGSDSAPHPKDTKECCGCAAGVFSAPVILPVLAELFKQNSSEENLQKFLSDNTCKIYDLKFKEDKILTLEEKEWQVPNVYEDKYNQVVPYMAGEILKFQLKH,[0.779],[0.39427894353866577],[0.3197222054004669],[0.3822583854198456],[0.3729935884475708],[0.40908876061439514],[0.37566837668418884]
3QJ5_1,SANEVIKCKAAVAWEAGKPLSIEEIEVAPPKAHEVRIKIIATAVCHTDAYTLSGADPEGCFPVILGHEGAGIVESVGEGVTKLKAGDTVIPLYIPQCGECKFCLNPKTNLCQKIRVTQGKGLMPDGTSRFTCKGKTILHYMGTSTFSEYTVVADISVAKIDPLAPLDKVCLLGCGISTGYGAAVNTAKLEPGSVCAVFGLGGVGLAVIMGCKVAGASRIIGVDINKDKFARAKEFGATECINPQDFSKPIQEVLIEMTDGGVDYSFECIGNVKVMRAALEACHKGWGVSVVVGVAASGEEIATRPFQLVTGRTWKGTAFGGWKSVESVPKLVSEYMSKKIKVDEFVTHNLSFDEINKAFELMHSGKSIRTVVKI,[0.626],[0.48471570014953613],[0.5479834675788879],[0.48142027854919434],[0.6712606549263],[0.587898850440979],[0.5546557903289795]
3QNE_1,MLDINAFLVEKGGDPEIIKASQKKRGDSVELVDEIIAEYKEWVKLRFDLDEHNKKLNSVQKEIGKRFKAKEDAKDLIAEKEKLSNEKKEIIEKEAEADKNLRSKINQVGNIVHESVVDSQDEENNELVRTWTPENYKKPEQIAAATGAPAKLSHHEVLLRLDGYDPERGVRIVGHRGYFLRNYGVFLNQALINYGLSFLSSKGYVPLQAPVMMNKEVMAKTAQLSQFDEELYKVIDGEDEKYLIATSEQPISAYHAGEWFESPAEQLPVRYAGYSSCFRREAGSHGKDAWGIFRVHAFEKIEQFVLTEPEKSWEEFDRMIGCSEEFYQSLGLPYRVVGIVSGELNNAAAKKYDLEAWFPFQQEYKELVSCSNCTDYQSRNLEIRCGIKQQNQQEKKYVHCLNSTLSATERTICCILENYQKEDGLVIPEVLRKYIPGEPEFIPYIKELPKNTTSVKKAKGKNPKNTTSVKKAKGKNGSRHHHHHH,[0.49],[0.5965096354484558],[0.5361599922180176],[0.46200305223464966],[0.4554668068885803],[0.5288768410682678],[0.5158032655715943]
3QWB_1,MKCTIPEQQKVILIDEIGGYDVIKYEDYPVPSISEEELLIKNKYTGVNYIESYFRKGIYPCEKPYVLGREASGTVVAKGKGVTNFEVGDQVAYISNSTFAQYSKISSQGPVMKLPKGTSDEELKLYAAGLLQVLTALSFTNEAYHVKKGDYVLLFAAAGGVGLILNQLLKMKGAHTIAVASTDEKLKIAKEYGAEYLINASKEDILRQVLKFTNGKGVDASFDSVGKDTFEISLAALKRKGVFVSFGNASGLIPPFSITRLSPKNITLVRPQLYGYIADPEEWKYYSDEFFGLVNSKKLNIKIYKTYPLRDYRTAAADIESRKTVGKLVLEIPQ,[0.42700000000000005],[0.5034645795822144],[0.5132721066474915],[0.5581558346748352],[0.6452010869979858],[0.5872123837471008],[0.5614611983299256]
3R90_1,MFKKFDEKENVSNCIQLKTSVIKGIKNQLIEQFPGIEPWLNQIMPKKDPVKIVRCHEHIEILTVNGELLFFRQREGPFYPTLRLLHKYPFILPHQQVDKGAIKFVLSGANIMCPGLTSPGAKLYPAAVDTIVAIMAAGAAHALCVGVMKMSAEDIEKVNKGIGIENIHYLNDGLWHMKTYKAHHHHHH,[0.769],[0.48172706365585327],[0.3768503665924072],[0.42841091752052307],[0.49163344502449036],[0.43308746814727783],[0.44234185218811034]
3RBY_1,HMPALLKRLLFQVGPHPNERTFTLSSVSTDGHYISLRPFVKPSGDELSFPFEWAFAGTNETVKANDQGNGVVTQDFNFWLDTNVYLNVPNTHRGEVNTTWKNWDSGCVEETGAVYPFGADKESVSFREMWQPVDPSREDLVIVSPNNEKFSSNARSIVLKVTDEAYDGLVIVIGRWIQGFLSQKNNNTIEGLNFIRLLEKDSGKSEFLLSYGKEVNKIPQSYENLKKGSTVTSNGLNWEVIEYHA,[0.951],[0.6628758311271667],[0.685443639755249],[0.7067282199859619],[0.7576629519462585],[0.7313753366470337],[0.7088171958923339]
3SBT_2,MNTVPFTSAPIEVTIGIDQYSFNVKENQPFHGIKDIPIGHVHVIHFQHADNSSMRYGYWFDCRMGNFYIQYDPKDGLYKMMEERDGAKFENIVHNFKERQMMVSYPKIDEDDTWYNLTEFVQMDKIRKIVRKDENQFSYVDSSMTTVQENELLKSSLQKAGSKMEAKNEDDPAHSLNYTVINFKSREAIRPGHEMEDFLDKSYYLNTVMLQGIFKNSSNYFGELQFAFLNAMFFGNYGSSLQWHAMIELICSSATVPKHMLDKLDEILYYQIKTLPEQYSDILLNERVWNICLYSSFQKNSLHNTEKIMENKYPELLGKDNEDDALIYGISDEERDDEDDEHNPTIVGGLYYQRPLEHHHHHH,[0.528],[0.46884775161743164],[0.40896591544151306],[0.4518791735172272],[0.43444374203681946],[0.4168911278247833],[0.4362055420875549]
3T61_1,MVMSIEYKSEAAAVRRFPGSIVVMGVSGSGKSSVGEAIAEACGYPFIEGDALHPPENIRKMSEGIPLTDDDRWPWLAAIGERLASREPVVVSCSALKRSYRDKLRESAPGGLAFVFLHGSESVLAERMHHRTGHFMPSSLLQTQLETLEDPRGEVRTVAVDVAQPLAEIVREALAGLARLAENLYFQSHHHHHHWSHPQFEK,[0.845],[0.660014271736145],[0.600390613079071],[0.5749920606613159],[0.5339594483375549],[0.5454146265983582],[0.582954204082489]
3TMK_1,MMGRGKLILIEGLDRTGKTTQCNILYKKLQPNCKLLKFPERSTRIGGLINEYLTDDSFQLSDQAIHLLFSANRWEIVDKIKKDLLEGKNIVMDRYVYSGVAYSAAKGTNGMDLDWCLQPDVGLLKPDLTLFLSTQDVDNNAEKSGFGDERYETVKFQEKVKQTFMKLLDKEIRKGDESITIVDVTNKGIQEVEALIWQIVEPVLSTHIDHDKFSFF,[0.846],[0.7189395427703857],[0.6869915723800659],[0.6934307217597961],[0.766466498374939],[0.755365788936615],[0.7242388248443603]
3TX9_1,MSFVKDFKPQALGDTNLFKPIKIGNNELLHRAVIPPLTRMRALHPGNIPNRDWAVEYYTQRAQRPGTMIITEGAFISPQAGGYDNAPGVWSEEQMVEWTKIFNAIHEKKSFVWVQLWVLGWAAFPDNLARDGLRYDSASDNVFMDAEQEAKAKKANNPQHSLTKDEIKQYIKEYVQAAKNSIAAGADGVEIHSANGYLLNQFLDPHSNTRTDEYGGSIENRARFTLEVVDALVEAIGHEKVGLRLSPYGVFNSMSGGAETGIVAQYAYVAGELEKRAKAGKRLAFVHLVEPRVTNPFLTEGEGEYEGGSNDFVYSIWKGPVIRAGNFALHPEVVREEVKDKRTLIGYGRFFISNPDLVDRLEKGLPLNKYDRDTFYQMSAHGYIDYPTYEEALKLGWDKK,[0.514],[0.44955387711524963],[0.4046188294887543],[0.3818444609642029],[0.5313613414764404],[0.49430832266807556],[0.45233736634254457]
3UTN_1,MGSSHHHHHHSSGLVPRGSHMASMPLFDLISPKAFVKLVASEKVHRIVPVDATWYLPSWKLDNKVDFLTKPRIPNSIFFDIDAISDKKSPYPHMFPTKKVFDDAMSNLGVQKDDILVVYDRVGNFSSPRCAWTLGVMGHPKVYLLNNFNQYREFKYPLDSSKVAAFSPYPKSHYESSESFQDKEIVDYEEMFQLVKSGELAKKFNAFDARSLGRFEGTEPEPRSDIPSGHIPGTQPLPYGSLLDPETKTYPEAGEAIHATLEKALKDFHCTLDPSKPTICSCGTGVSGVIIKTALELAGVPNVRLYDGSWTEWVLKSGPEWIAENRD,[0.179],[0.4835759103298187],[0.42320385575294495],[0.40561655163764954],[0.4555605351924896],[0.38333797454833984],[0.4302589654922485]
4CGQ_1,MSQFEKQKEQGNSLFKQGLYREAVHCYDQLITAQPQNPVGYSNKAMALIKLGEYTQAIQMCQQGLRYTSTAEHVAIRSKLQYRLELAQGAVGSVQIPVVEVDELPEGYDRS,[0.897],[0.6481245756149292],[0.7384769916534424],[0.5223149061203003],[0.5492914319038391],[0.6717296242713928],[0.6259875059127807]
4DYO_1,MSGHSPTRGAMQVAMNGKARKEAVQTAAKELLKFVNRSPSPFHAVAECRNRLLQAGFSELKETEKWNIKPESKYFMTRNSSTIIAFAVGGQYVPGNGFSLIGAHTDSPCLRVKRRSRRSQVGFQQVGVETYGGGIWSTWFDRDLTLAGRVIVKCPTSGRLEQQLVHVERPILRIPHLAIHLQRNINENFGPNTEMHLVPILATAIQEELEKGTPEPGPLNAVDERHHSVLMSLLCAHLGLSPKDIVEMELCLADTQPAVLGGAYDEFIFAPRLDNLHSCFCALQALIDSCAGPGSLATEPHVRMVTLYDNEEVGSESAQGAQSLLTELVLRRISASCQHPTAFEEAIPKSFMISADMAHAVHPNYLDKHEENHRPLFHKGPVIKVNSKQRYASNAVSEALIREVANKVKVPLQDLMVRNDTPCGTTIGPILASRLGLRVLDLGSPQLAMHSIREMACTTGVLQTLTLFKGFFELFPSLAENLYFQ,[0.27699999999999997],[0.3329871892929077],[0.3295879364013672],[0.2979036569595337],[0.3877353370189667],[0.37144821882247925],[0.3439324676990509]
4E1B_1,MTQIIKIDPLNPEIDKIKIAADVIRNGGTVAFPTETVYGLGANAFDGNACLKIFQAKNRPVDNPLIVHIADFNQLFEVAKDIPDKVLEIAQIVWPGPLTFVLKKTERVPKEVTAGLDTVAVRMPAHPIALQLIRESGVPIAAPSANLATRPSPTKAEDVIVDLNGRVDVIIDGGHTFFGVESTIINVTVEPPVLLRPGPFTIEELKKLFGEIVIPEFAQGKKEAEIALAPGMKYKHYAPNTRLLLVENRNIFKDVVSLLSKKYKVALLIPKELSKEFEGLQQIILGSDENLYEVARNLFDSFRELDKLNVDLGIMIGFPERGIGFAIMNRARKASGFSIIKAISDVYKYVNI,[0.722],[0.7390035390853882],[0.7375932335853577],[0.7429664134979248],[0.7006866335868835],[0.7825863361358643],[0.7405672311782837]
4G4S_14,TQQPIVTGTSVISMKYDNGVIIAADNLGSYGSLLRFNGVERLIPVGDNTVVGISGDISDMQHIERLLKDLVTENAYDNPLADAEEALEPSYIFEYLATVMYQRRSKMNPLWNAIIVAGVQSNGDQFLRYVNLLGVTYSSPTLATGFGAHMANPLLRKVVDRESDIPKTTVQVAEEAIVNAMRVLYYRDARSSRNFSLAIIDKNTGLTFKKNLQVENMKWDFAKDIKGYGTQKI,[0.546],[0.45957744121551514],[0.5008954405784607],[0.4410012662410736],[0.5674864649772644],[0.47327497601509094],[0.48844711780548095]
4G4S_15,MLFKQWNDLPEPKHLLDLPEISKNLQSLEVCPVPKVEFPQDLDVPQYSTAVITTKIMNPLFPKNLLQLTSIGEIKTTLTVKSPSLPQSSGKHSWNYDENFPNEVDPDQKNDTADETVYGFSFPIYSFGKTLLFSMEENFISISPIFGNMISRSIISQLAQFSPDIIVIGTSDKIASMKVMTENECTLQPPEFITGFIGSVLTQLIVGPSKGLKFKCLVAPSEGPNGFEKLSLSDMGSLVDLCGQWLGFEPSRYSEECYRLWRCDSAAIGAQSGLYI,[0.669],[0.38920894265174866],[0.355771005153656],[0.36448901891708374],[0.45712098479270935],[0.39069876074790955],[0.39145774245262144]
4JE5_1,GHMMTLPESKDFSYLFSDETNARKPSPLKTCIHLFQDPNIIFLGGGLPLKDYFPWDNLSVDSPKPPFPQGIGAPIDEQNCIKYTVNKDYADKSANPSNDIPLSRALQYGFSAGQPELLNFIRDHTKIIHDLKYKDWDVLATAGNTNAWESTLRVFCNRGDVILVEAHSFSSSLASAEAQGVITFPVPIDADGIIPEKLAKVMENWTPGAPKPKLLYTIPTGQNPTGTSIADHRKEAIYKIAQKYDFLIVEDEPYYFLQMNPYIKDLKEREKAQSSPKQDHDEFLKSLANTFLSLDTEGRVIRMDSFSKVLAPGTRLGWITGSSKILKPYLSLHEMTIQAPAGFTQVLVNATLSRWGQKGYLDWLLGLRHEYTLKRDCAIDALYKYLPQSDAFVINPPIAGMFFTVNIDASVHPEFKTKYNSDPYQLEQSLYHKVVERGVLVVPGSWFKSEGETEPPQPAESKEVSNPNIIFFRGTYAAVSPEKLTEGLKRLGDTLYEEFGISK,[0.38],[0.34326571226119995],[0.2857625186443329],[0.34518104791641235],[0.38895535469055176],[0.4042995274066925],[0.35349283218383787]
4JR7_1,GHMKCRVWSEARVYTNINKQRTEEYWDYENTVIDWSTNTKDYEIENKVGRGKYSEVFQGVKLDSKVKIVIKMLKPVKKKKIKREIKILTDLSNEKVPPTTLPFQKDQYYTNQKEDVLKFIRPYIFDQPHNGHANIIHLFDIIKDPISKTPALVFEYVDNVDFRILYPKLTDLEIRFYMFELLKALDYCHSMGIMHRDVKPHNVMIDHKNKKLRLIDWGLAEFYHVNMEYNVRVASRFFKGPELLVDYRMYDYSLDLWSFGTMLASMIFKREPFFHGTSNTDQLVKIVKVLGTSDFEKYLLKYEITLPREFYDMDQYIRKPWHRFINDGNKHLSGNDEIIDLIDNLLRYDHQERLTAKEAMGHPWFAPIREQIEK,[0.013999999999999999],[0.2949182391166687],[0.20911692082881927],[0.2801456153392792],[0.30867597460746765],[0.2571183741092682],[0.2699950248003006]
4PVC_1,MSVFVSGANGFIAQHIVDLLLKEDYKVIGSARSQEKAENLTEAFGNNPKFSMEVVPDISKLDAFDHVFQKHGKDIKIVLHTASPFCFDITDSERDLLIPAVNGVKGILHSIKKYAADSVERVVLTSSYAAVFDMAKENDKSLTFNEESWNPATWESCQSDPVNAYCGSKKFAEKAAWEFLEENRDSVKFELTAVNPVYVFGPQMFDKDVKKHLNTSCELVNSLMHLSPEDKIPELFGGYIDVRDVAKAHLVAFQKRETIGQRLIVSEARFTMQDVLDILNEDFPVLKGNIPVGKPGSGATHNTLGATLDNKKSKKLLGFKFRNLKETIDDTASQILKFEGRI,[0.7140000000000001],[0.7059520483016968],[0.6903061270713806],[0.6518681049346924],[0.7567830085754395],[0.6769657135009766],[0.6963750004768372]
4QTT_1,MKFLTTNFLKCSVKACDTSNDNFPLQYDGSKCQLVQDESIEFNPEFLLNIVDRVDWPAVLTVAAELGNNALPPTKPSFPSSIQELTDDDMAILNDLHTLLLQTSIAEGEMKCRNCGHIYYIKNGIPNLLLPPHLV,[0.8240000000000001],[0.7850533723831177],[0.7408535480499268],[0.7197263836860657],[0.7527268528938293],[0.7846790552139282],[0.7566078424453735]
4WJ9_1,MSSSGTPDLPVLLTDLKIQYTKIFINNEWHDSVSGKKFPVFNPATEEELCQVEEGDKEDVDKAVKAARQAFQIGSPWRTMDASERGRLLYKLADLIERDRLLLATMESMNGGKLYSNAYLSDLAGCIKTLRYCAGWADKIQGRTIPIDGNFFTYTRHEPIGVCGQIIPWNFPLVMLIWKIGPALSCGNTVVVKPAEQTPLTALHVASLIKEAGFPPGVVNIVPGYGPTAGAAISSHMDIDKVAFTGSTEVGKLIKEAAGKSNLKRVTLELGGKSPCIVLADADLDNAVEFAHHGVFYHQGQCCIAASRIFVEESIYDEFVRRSVERAKKYILGNPLTPGVTQGPQIDKEQYDKILDLIESGKKEGAKLECGGGPWGNKGYFVQPTVFSNVTDEMRIAKEEIFGPVQQIMKFKSLDDVIKRANNTFYGLSAGVFTKDIDKAITISSALQAGTVWVNCYGVVSAQCPFGGFKMSGNGRELGEYGFHEYTEVKTVTVKISQKNS,[0.358],[0.452837198972702],[0.4503689408302307],[0.4061810076236725],[0.4072554111480713],[0.44830164313316345],[0.432988840341568]
4XBA_1,SFRDNLKVYIESPESYKNVIYYDDDVVLVRDMFPKSKMHLLLMTRDPHLTHVHPLEIMMKHRSLVEKLVSYVQGDLSGLIFDEARNCLSQQLTNEALCNYIKVGFHAGPSMNNLHLHIMTLDHVSPSLKNSAHYISFTSPFFVKIDTPTSNLPTRGTLTSLFQEDLKCWRCGETFGRHFTKLKAHLQEEYDDWLDKSVSM,[0.594],[0.38810983300209045],[0.28155937790870667],[0.2976384460926056],[0.3492056429386139],[0.3270142078399658],[0.3287055015563965]
4XNH_2,MPINIRRATINDIICMQNANLHNLPENYMMKYYMYHILSWPEASFVATTTTLDCEDSDEQDENDKLELTLDGTNDGRTIKLDPTYLAPGEKLVGYVLVKMNDDPDQQNEPPNGHITSLSVMRTYRRMGIAENLMRQALFALREVHQAEYVSLHVRQSNRAALHLYRDTLAFEVLSIEKSYYQDGEDAYAMKKVLKLEELQISNFTHRRLKENEEKLEDDLESDLLEDIIKQGVNDIIV,[0.862],[0.5671358108520508],[0.4892641603946686],[0.5298116207122803],[0.5150861740112305],[0.5952234268188477],[0.5393042385578155]
4YTW_1,MGNIMSASFAPECTDLKTKYDSCFNEWYSEKFLKGKSVENECSKQWYAYTTCVNAALVKQGIKPALDEAREEAPFENGGKL,[1.099],[0.8678179979324341],[0.8671321868896484],[0.8583495616912842],[0.8633986115455627],[0.8509286046028137],[0.8615253925323486]
4ZI2_1,MGLLSILRKLKSAPDQEVRILLLGLDNAGKTTLLKQLASEDISHITPTQGFNIKSVQSQGFKLNVWDIGGQRKIRPYWRSYFENTDILIYVIDSADRKRFEETGQELTELLEEEKLSCVPVLIFANKQDLLTAAPASEIAEGLNLHTIRDRVWQIQSCSALTGEGVQDGMNWVCKNVNAKKKLEHHHHHH,[0.5820000000000001],[0.781133234500885],[0.7013714909553528],[0.7177392840385437],[0.7513348460197449],[0.6717603206634521],[0.7246678352355957]
5BV3_1,GMFASLIKRFQFVSVLDSNPQTKVMSLLGTIDNKDAIITAEKTHFLFDETVRRPSQDGRSTPVLYNCENEYSCINGIQELKEITSNDIYYWGLSVIKQDMESNPTAKLNLIWPATPIHIKKYEQQNFHLVRETPEMYKRIVQPYIEEMCNNGRLKWVNNILYEGAESERVVYKDFSEENKDDGFLILPDMKWDGMNLDSLYLVAIVYRTDIKTIRDLRYSDRQWLINLNNKIRSIVPGCYNYAVHPDELRILVHYQPSYYHFNIHIVNIKHPGLGNSIAAGKAILLEDIIEMLNYLGPEGYMNKTITYAIGENHDLWKRGLEEELTKQLERDGIPKIPKIVNGFK,[0.37],[0.6028254628181458],[0.5653769373893738],[0.5931822657585144],[0.6288928985595703],[0.5567231774330139],[0.5894001483917236]
5C2J_2,GSSGSSGMQTIKCVVVGDGAVGKTCLLISYTTNKFPSEYVPTVFDNYAVTVMIGGEPYTLGLFDTAGQEDYDRLRPLSYPQTDVFLVCFSVVSPSSFENVKEKWVPEITHHCPKTPFLLVGTQIDLRDDPSTIEKLAKNKQKPITPETAEKLARDLKAVKYVECSALTQKGLKNVFDEAILAALEPPEPKKSRRCVLL,[0.546],[0.7602256536483765],[0.7320077419281006],[0.6843374967575073],[0.7870177626609802],[0.6847313642501831],[0.7296640038490295]
5CVD_1,MGSSHHHHHHSSGLVPRGSHMTSEVIEDEKQFYSKAKTYWKQIPPTVDGMLGGYGHISSIDINSSRKFLQRFLREGPNKTGTSCALDCGAGIGRITKRLLLPLFREVDMVDITEDFLVQAKTYLGEEGKRVRNYFCCGLQDFTPEPDSYDVIWIQWVIGHLTDQHLAEFLRRCKGSLRPNGIIVIKDNMAQEGVILDDVDSSVCRDLDVVRRIICSAGLSLLAEERQENLPDEIYHVYSFALR,[0.784],[0.6053962707519531],[0.5294299721717834],[0.569315493106842],[0.47907397150993347],[0.5917572975158691],[0.5549946010112763]
5CZ4_3,MSGYDRALSIFSPDGHIFQVEYALEAVKRGTCAVGVKGKNCVVLGCERRSTLKLQDTRITPSKVSKIDSHVVLSFSGLNADSRILIEKARVEAQSHRLTLEDPVTVEYLTRYVAGVQQRYTQSGGVRPFGVSTLIAGFDPRDDEPKLYQTEPSGIYSSWSAQTIGRNSKTVREFLEKNYDRKEPPATVEECVKLTVRSLLEVVQTGAKNIEITVVKPDSDIVALSSEEINQYVTQIEQEKQEQQEQDKKKKSNH,[0.185],[0.5991309285163879],[0.7366136908531189],[0.6580042243003845],[0.6546440124511719],[0.6409103870391846],[0.6578606486320495]
5CZ4_13,TQIANAGASPMVNTQQPIVTGTSVISMKYDNGVIIAADNLGSYGSLLRFNGVERLIPVGDNTVVGISGDISDMQHIERLLKDLVTENAYDNPLADAEEALEPSYIFEYLATVMYQRRSKMNPLWNAIIVAGVQSNGDQFLRYVNLLGVTYSSPTLATGFGAHMANPLLRKVVDRESDIPKTTVQVAEEAIVNAMRVLYYRDARSSRNFSLAIIDKNTGLTFKKNLQVENMKWDFAKDIKGYGTQKI,[0.38799999999999996],[0.515792191028595],[0.5751786828041077],[0.5364701747894287],[0.6355124711990356],[0.5474657416343689],[0.5620838522911071]
5E7I_1,EDDWSKPLPPSERLEQELFSGGNTGINFEKYDDIPVEATGNNCPPHIESFSDVEMGEIIMGNIELTRYTRPTPVQKHAIPIIKEKRDLMACAQTGSGKTAAFLLPILSQIYSDGPGEALRAMKENGRYGRRKQYPISLVLAPTRELAVQIYEEARKFSYRSRVRPCVVYGGADIGQQIRDLERGCHLLVATPGRLVDMMERGKIGLDFCKYLVLDEADRMLDMGFEPQIRRIVEQDTMPPKGVRHTMMFSATFPKEIQMLARDFLDEYIFLAVGRVGSTSENITQKVVWVEESDKRSFLLDLLNATGKDSLTLVFVETKKGADSLEDFLYHEGYACTSIHGDRSQRDREEALHQFRSGKSPILVATAVAARGLDISNVKHVINFDLPSDIEEYVHRIGRTGRVGNLGLATSFFNERNINITKDLLDLLVEAKQEVPSWLENMAYEHHYKGSS,[0.429],[0.6033433079719543],[0.5396255254745483],[0.4935134947299957],[0.553696870803833],[0.5005065202713013],[0.5381371438503265]
5GLG_1,ASMKQPVVVIGSGLAGLTTSNRLISKYRIPVVLLDKAASIGGNSIKASSGINGAHTDTQQNLKVMDTPELFLKDTLHSAKGRGVPSLMDKLTKESKSAIRWLQTEFDLKLDLLAQLGGHSVPRTHRSSGKLPPGFEIVQALSKKLKDISSKDSNLVQIMLNSEVVDIELDNQGHVTGVVYMDENGNRKIMKSHHVVFCSGGFGYSKEMLKEYSPNLIHLPTTNGKQTTGDGQKILSKLGAELIDMDQVQVHPTGFIDPNDRENNWKFLAAEALRGLGGILLHPTTGRRFTNELSTRDTVTMEIQSKCPKNDNRALLVMSDKVYENYTNNINFYMSKNLIKKVSINDLIRQYDLQTTASELVTELKSYSDVNTKDTFDRPLIINAFDKDISTESTVYVGEVTPVVHFTMGGVKINEKSQVIKKNSESVLSNGIFAAGEVSGGVHGANRLGGSSLLECVVFGKTAADNIAKLY,[0.867],[0.48688721656799316],[0.5055994987487793],[0.47612109780311584],[0.4940984547138214],[0.47356852889060974],[0.4872549593448639]
5HUV_1,MVQGKVLVVSNRIPVTIKRLDNGSYDYSMSSGGLVTALQGLKKTTEFQWYGWPGLEIPEDEQTKVNDELKSKFNCTAIFLSDTIADLHYNGFSNSILWPLFHYHPGEMNFDENAWAAYIEANKKFALEIVKQVNDDDMIWVHDYHLMLLPEMLRQEIGNKKKNIKIGFFLHTPFPSSEIYRILPVRKEILEGVLSCDLIGFHTYDYARHFISSVSRIVPNVSTLPNGIKYQGRSISIGAFPIGIDVDNFIDGLKKDSVVERIKQLKSKFKDVKVIVGVDRLDYIKGVPQKLHAFEVFLNENPEWIGKVVLVQVAVPSRGDVEEYQSLRSTVSELVGRINGRFGTVRFVPIHYLHKSIPFDELISLYNISDVCLVSSTRDGMNLVSYEYIACQQDRKGVLILSEFAGAAQSLNGALIVNPWNTEDLSEAIKESLTLPEEKREFNFKKLFTYISKYTSGFWGESFVKELYKCNPQKSLRD,[0.929],[0.3530239164829254],[0.26377448439598083],[0.2991398274898529],[0.2955569624900818],[0.324034720659256],[0.3071059823036194]
5I34_1,RGSHHHHHHGSMAPSPEGVTVVLGAQWGDEGKGKLVDILAAEADICARCAGGNNAGHTIVVRNDKGEKTSYAFNLLPSGLINPECTAFIGSGVVVHVPSLFNELDTLERKGLKVAGRLLVSDRAHLVMGFHQIVDGLKEVELGGSSIGTTRKGIGPAYSSKASRSGLRVHHLFDPTFPAKFRKLVEGRFKRYGHFEFDTEGEIEMYLAFAERLRPFIVDGPTFMHNALSSGKRVLVEGANALMLDLDYGTYPFVTSSSTSIGGVVSGLGISPFAIKRVVGVIKAYTTRVGGGPFPTEDLATVGETLQEVGAEYGTVTGRRRRCGWLDLVVMKYSTMINGYTSLNLTKLDVLDGFEEIKVATGYKIDGVEVEGFPADLDRLAKVEVQYATLPGWKTDISNCKTYEEFPENAKAYIKFIEDYLGVKVQYVGVGPGRDQNVIIF,[0.379],[0.4886985719203949],[0.4764017164707184],[0.48178237676620483],[0.5496934056282043],[0.5402265191078186],[0.5073605179786682]
5I8S_1,MVQAWYMDESTADPRKPHRAQPDRPVSLEQLRTLGVLYWKLDADKYENDPELEKIRKMRNYSWMDIITICKDTLPNYEEKIKMFFEEHLHLDEEIRYILEGSGYFDVRDKEDKWIRISMEKGDMITLPAGIYHRFTLDEKNYVKAMRLFVGEPVWTPYNRPADHFDARVQYMSFLEGTA,[0.935],[0.7715890407562256],[0.7186011075973511],[0.7530996203422546],[0.7599893808364868],[0.7703205943107605],[0.7547199487686157]
5JGF_1,GPHMEHNYEDIAQEFIDFIYKNPTTYHVVSFFAELLDKHNFKYLSEKSNWQDSIGEDGGKFYTIRNGTNLSAFILGKNWRAEKGVGVIGSHVDALTVKLKPVSFKDTAEGYGRIAVAPYGGTLNELWLDRDLGIGGRLLYKKKGTNEIKSALVDSTPLPVCRIPSLAPHFGKPAEGPFDKEDQTIPVIGFPTPDEEGNEPPTDDEKKSPLFGKHCIHLLRYVAKLAGVEVSELIQMDLDLFDVQKGTIGGIGKHFLFAPRLDDRLCSFAAMIALICYAKDVNTEESDLFSTVTLYDNEEIGSLTRQGAKGGLLESVVERSSSAFTKKPVDLHTVWANSIILSADVNHLYNPNFPEVYLKNHFPVPNVGITLSLDPNGHMATDVVGTALVEELARRNGDKVQYFQIKNNSRSGGTIGPSLASQTGARTIDLGIAQLSMHSIRAATGSKDVGLGVKFFNGFFKHWRSVYDEFGEL,[0.975],[0.46720731258392334],[0.5163201689720154],[0.49932682514190674],[0.659455418586731],[0.5644179582595825],[0.5413455367088318]
5KC1_1,MSTLAEVYTIIEDAEQECRKGDFTNAKAKYQEAIEVLGPQNENLSQNKLSSDVTQAIDLLKQDITAKIQELELLIEKQSSEENNIGMVNNNMLIGSVILNNKSPINGISNARNWDNPAYQDTLSPINDPLLMSILNRLQFNLNNDIQLKTEGGKNSKNSEMKINLRLEQFKKELVLYEQKKFKEYGMKIDEITKENKKLANEIGRLRERWDSLVESAKQRRDKQKN,[0.879],[0.7770376801490784],[0.8231788873672485],[0.7706054449081421],[0.8049986362457275],[0.7972317337989807],[0.7946104764938354]
5KCI_1,SMQQDIVNDHQEEAQGWKWEQIKEIIESGELARLKRSRQMTDKYHEHKKRTAGLDMNQYVLQKLGWSLDEPQLENAAAKAFSSSTLYAVRANDFPYNFEPGVVHLVLWSKVALPVHSPDKAVREAARARMNAFLQAQPLLRPLLSSGHVAWFVNYPELQSVARIFHAHVLLFFPRERYSAEQVKTTVDDILSHGFEPLA,[1.122],[0.5863866806030273],[0.4959997236728668],[0.4531029760837555],[0.48679402470588684],[0.5180700421333313],[0.5080706894397735]
5L7J_1,MKKLSRTISGVTPVAVMTKPLPCPGKCIYCPTFAATPQSYTPESPAVLRAKSCEYQAYKQVALRLRIIQDMGHPTDKVELIIMGGTFLSADITYQYGFIKDCYDALNGVVAGSLEEAKTINETAQHRCVGLCIETRPDICGKAEIQRMIDFGTTRVELGVQMLDDDIYKLVERGHRVSDVAEATCLLREYGLKVHYHWMPGLPGSSPEKDLALSRMVFEDPRFCPDGLKLYPTMVVEGTILEQWWKEGRYTPYPNGTMTGLIADIKALVPPYVRISRVLRDIPAVFISAGLKDSLRDGVRQILESRHQKCRCIRCREYGHRQRKGQTSGEPTLRRLDYPASGGKEIFLSFEDASDTLYGLLRLRIPCASLPVLGQKYGAKTGLVRELHVYGTELSLGEQGDQSAQHRGLGRKLLAEAECLARDEFGLDSLAILSGVGAREYYRSLGYELVAGYMCKHLD,[0.027000000000000003],[0.33129188418388367],[0.24968940019607544],[0.24475987255573273],[0.30050086975097656],[0.3217160403728485],[0.28959161341190337]
5U9M_2,TTNDTYEATYAIPMHCENCVNDIKACLKNVPGINSLNFDIEQQIMSVESSVAPSTIINTLRNCGKDAIIRGAGKPNSSAVAILETFQKYTIDQKKDTAVRGLARIVQVGENKTLFDITVNGVPEAGNYHASIHEKGDVSKGVESTGKVWHKFDEPIECFNESDLGKNLYSGKTFLSAPLPTWQLIGRSFVISKSLNHPENEPSSVKDYSFLGVIARSAGVWENNKQVCACTGKTVWAAAKDALANNIK,[1.0070000000000001],[0.6413527727127075],[0.683657705783844],[0.748153805732727],[0.6875144839286804],[0.6432357430458069],[0.6807829022407532]
5UE7_1,MSFANKQDPKTLVLFDVDGTLTPARLTISEEMKKTLEKLREKVVIGFVGGSDLSKQVEQLGPNVLNDFDYCFSENGLTAYKLGKELASQSFINWIGNEKYNKLVKFILRYLSDIDLPIRRGTFIEFRNGMINVSPIGRNASTQERNDYEKFDKQHHIRETMVEALKKEFPDFGLTYSIGGQISFDVFPTGWDKTYCLQHVEDEHFENIHFFGDKSYKGGNDYEIYNDPRTIGHAVNSPDDTIRILNETFKLQ,[0.887],[0.7105828523635864],[0.6875067353248596],[0.7033552527427673],[0.7879606485366821],[0.7189203500747681],[0.7216651678085327]
5V62_1,GPEMVRGQVFDVGPRYTNLSYIGEGAYGMVCSAYDNVNKVRVAIKKISPFEHQTYCQRTLREIKILLRFRHENIIGINDIIRAPTIEQMKDVYIVQDLMETDLYKLLKTQHLSNDHICYFLYQILRGLKYIHSANVLHRDLKPSNLLLNTTCDLKICDFGLARVADPDHDHTGFLTEYVATRWYRAPEIMLNSKGYTKSIDIWSVGCILAEMLSNRPIFPGKHYLDQLNHILGILGSPSQEDLNCIINLKARNYLLSLPHKNKVPWNRLFPNADSKALDLLDKMLTFNPHKRIEVEQALAHPYLEQYYDPSDEPIAEAPFKFDMELDDLPKEKLKELIFEETARFQPGYRS,[0.016],[0.2869122624397278],[0.19410690665245056],[0.2543796896934509],[0.28011998534202576],[0.24442937970161438],[0.2519896447658539]
5V7I_1,SNAAQTQTGEANRGWTGQESLSDSDPEMWELLQREKDRQCRGLELIASENFCSRAALEALGSCLNNKYSEGYPGKRYYGGAEVVDEIELLCQRRALEAFDLDPAQWGVNVQPYSGSPANLAVYTALLQPHDRIMGLDLPDGGHLTHGYMSDVKRISATSIFFESMPYKLNPKTGLIDYNQLALTARLFRPRLIIAGTSAYARLIDYARMREVCDEVKAHLLADMAHISGLVAAKVIPSPFKHADIVTTTTHKTLRGARSGLIFYRKGVKAVDPKTGREIPYTFEDRINFAVFPSLQGGPHNHAIAAVAVALKQACTPMFREYSLQVLKNARAMADALLERGYSLVSGGTDNHLVLVDLRPKGLDGARAERVLELVSITANKNTCPGDRSAITPGGLRLGAPALTSRQFREDDFRRVVDFIDEGVNIGLEVKSKTAKLQDFKSFLLKDSETSQRLANLRQRVEQFARAFPMPGFDEH,[0.207],[0.3460344672203064],[0.29515302181243896],[0.21676070988178253],[0.2935744524002075],[0.2860493063926697],[0.287514391541481]
